{"cameraMode":{"drawMode":0,"name":"Shaded","section":"Shading Mode"},"sceneLighting":true,"audioPlay":false,"sceneViewState":{"m_AlwaysRefresh":false,"showFog":true,"showSkybox":true,"showFlares":true,"showImageEffects":true,"showParticleSystems":true,"showVisualEffectGraphs":true,"m_FxEnabled":true},"in2DMode":false,"pivot":{"x":3.7187771797180177,"y":-2.6599745750427248,"z":-0.04485738277435303},"rotation":{"x":-0.1627681702375412,"y":-0.007993670180439949,"z":-0.0013193556806072593,"w":0.9866371750831604},"size":0.3549784719944,"orthographic":true}